{
  "bids_meta": {
    "dataset": "ds001722",
    "modality": "T1w",
    "subject_id": "11"
  },
  "cjv": 0.5304854363104367,
  "cnr": 1.846464536337791,
  "efc": 0.521399195705568,
  "fber": 31640.786173469387,
  "fwhm_avg": 3.712340076331104,
  "fwhm_x": 3.78751,
  "fwhm_y": 3.84187022899331,
  "fwhm_z": 3.50764,
  "icvs_csf": 0.2454178522018236,
  "icvs_gm": 0.3977949831535375,
  "icvs_wm": 0.356787164644639,
  "inu_med": 0.35560742020606995,
  "inu_range": 0.10590441226959224,
  "provenance": {
    "md5sum": "532e485c745e1db0cd9b9effd08842da",
    "settings": {
      "testing": false
    },
    "software": "mriqc",
    "version": "23.1.0",
    "warnings": {
      "large_rot_frame": true,
      "small_air_mask": false
    }
  },
  "qi_1": 0.0,
  "qi_2": 0.0020276167582846095,
  "rpve_csf": 8.578412608641663,
  "rpve_gm": 8.49640793849012,
  "rpve_wm": 8.57309115361868,
  "size_x": 176,
  "size_y": 256,
  "size_z": 256,
  "snr_csf": 2.4098103283403223,
  "snr_gm": 9.064650083856614,
  "snr_total": 8.518834913870803,
  "snr_wm": 14.082044329415474,
  "snrd_csf": 48.33046067292803,
  "snrd_gm": 69.86807460558563,
  "snrd_total": 68.81637318639234,
  "snrd_wm": 88.25058428066336,
  "spacing_x": 1.0,
  "spacing_y": 0.9999999403953552,
  "spacing_z": 1.0,
  "summary_bg_k": 6839.334110679214,
  "summary_bg_mad": 0.0,
  "summary_bg_mean": 2.2420224335324987,
  "summary_bg_median": 0.0,
  "summary_bg_n": 3694614.0,
  "summary_bg_p05": 0.0,
  "summary_bg_p95": 7.761097002774477,
  "summary_bg_stdv": 7.229423076865795,
  "summary_csf_k": -0.5068191864471294,
  "summary_csf_mad": 146.24335010138356,
  "summary_csf_mean": 519.1481829472416,
  "summary_csf_median": 533.3261099588126,
  "summary_csf_n": 326325.73737226985,
  "summary_csf_p05": 111.36523827724159,
  "summary_csf_p95": 841.9706295914948,
  "summary_csf_stdv": 221.3142198445035,
  "summary_gm_k": -0.3837936538926283,
  "summary_gm_mad": 59.26873353559368,
  "summary_gm_mean": 774.5243437758359,
  "summary_gm_median": 770.9934463873506,
  "summary_gm_n": 528937.6466949751,
  "summary_gm_p05": 635.716224886477,
  "summary_gm_p95": 933.4345073979348,
  "summary_gm_stdv": 85.05487916703035,
  "summary_wm_k": -0.40519262692780256,
  "summary_wm_mad": 48.34065902252326,
  "summary_wm_mean": 955.5727695138729,
  "summary_wm_median": 973.8442415129393,
  "summary_wm_n": 474410.616599627,
  "summary_wm_p05": 812.8123182263225,
  "summary_wm_p95": 1040.0953935813159,
  "summary_wm_stdv": 69.15496020030561,
  "tpm_overlap_csf": 0.21917261892567555,
  "tpm_overlap_gm": 0.5324955029384607,
  "tpm_overlap_wm": 0.5553984762668951,
  "wm2max": 0.8259054973340688
}