{
  "bids_meta": {
    "dataset": "ds001722",
    "modality": "T1w",
    "subject_id": "19"
  },
  "cjv": 0.5060843738278179,
  "cnr": 1.9378039904089364,
  "efc": 0.573404984703199,
  "fber": 35235.88137259976,
  "fwhm_avg": 3.9400833333333334,
  "fwhm_x": 4.04508,
  "fwhm_y": 4.09233,
  "fwhm_z": 3.68284,
  "icvs_csf": 0.2528545759435685,
  "icvs_gm": 0.3934237213030091,
  "icvs_wm": 0.35372170275342235,
  "inu_med": 0.33325719833374023,
  "inu_range": 0.12337374091148379,
  "provenance": {
    "md5sum": "bec91bc8136017f7283161ab7e3ca64c",
    "settings": {
      "testing": false
    },
    "software": "mriqc",
    "version": "23.1.0",
    "warnings": {
      "large_rot_frame": true,
      "small_air_mask": false
    }
  },
  "qi_1": 0.0,
  "qi_2": 0.0017878521436207606,
  "rpve_csf": 6.668959206398128,
  "rpve_gm": 6.601740648485198,
  "rpve_wm": 6.686967749220691,
  "size_x": 176,
  "size_y": 256,
  "size_z": 256,
  "snr_csf": 2.763301000184005,
  "snr_gm": 8.990849338786468,
  "snr_total": 9.381011854544896,
  "snr_wm": 16.388885224664218,
  "snrd_csf": 23.04506994618103,
  "snrd_gm": 31.78919484692298,
  "snrd_total": 31.686708197058646,
  "snrd_wm": 40.22585979807193,
  "spacing_x": 1.0,
  "spacing_y": 1.0,
  "spacing_z": 1.0,
  "summary_bg_k": 1835.7891773830681,
  "summary_bg_mad": 0.0,
  "summary_bg_mean": 2.046131430438479,
  "summary_bg_median": 0.0,
  "summary_bg_n": 3479504.0,
  "summary_bg_p05": 0.0,
  "summary_bg_p95": 4.85744908824563,
  "summary_bg_stdv": 15.898378791946097,
  "summary_csf_k": -0.03297085397893218,
  "summary_csf_mad": 134.98255499982076,
  "summary_csf_mean": 551.925028181398,
  "summary_csf_median": 559.2411767859012,
  "summary_csf_n": 430548.8880724516,
  "summary_csf_p05": 199.5711402427405,
  "summary_csf_p95": 851.8915441520512,
  "summary_csf_stdv": 202.38132845349136,
  "summary_gm_k": -0.23796490986857322,
  "summary_gm_mad": 60.240952808139184,
  "summary_gm_mean": 777.1437435345157,
  "summary_gm_median": 771.4373085778207,
  "summary_gm_n": 669903.422219024,
  "summary_gm_p05": 640.4393460042775,
  "summary_gm_p95": 941.2729834560305,
  "summary_gm_stdv": 85.80243130836946,
  "summary_wm_k": -0.016971420313018015,
  "summary_wm_mad": 43.37218842459994,
  "summary_wm_mean": 963.7920000933598,
  "summary_wm_median": 976.1722235269845,
  "summary_wm_n": 602300.690977287,
  "summary_wm_p05": 843.3363072443753,
  "summary_wm_p95": 1040.1942777261138,
  "summary_wm_stdv": 59.56301479786249,
  "tpm_overlap_csf": 0.21125356347369886,
  "tpm_overlap_gm": 0.5128602224630305,
  "tpm_overlap_wm": 0.5331836924305665,
  "wm2max": 0.8712310576472426
}