{
  "bids_meta": {
    "dataset": "ds001722",
    "modality": "T1w",
    "subject_id": "15"
  },
  "cjv": 0.5469131500582324,
  "cnr": 1.7720761300892656,
  "efc": 0.5561607316834524,
  "fber": 9631.115886937501,
  "fwhm_avg": 4.907193438149696,
  "fwhm_x": 4.91414,
  "fwhm_y": 5.2755803144490905,
  "fwhm_z": 4.53186,
  "icvs_csf": 0.256063074153826,
  "icvs_gm": 0.38967689649102416,
  "icvs_wm": 0.3542600293551497,
  "inu_med": 0.48772159218788147,
  "inu_range": 0.3419586718082428,
  "provenance": {
    "md5sum": "20f81724ab951ec9a052ee43f378804e",
    "settings": {
      "testing": false
    },
    "software": "mriqc",
    "version": "23.1.0",
    "warnings": {
      "large_rot_frame": true,
      "small_air_mask": false
    }
  },
  "qi_1": 0.0,
  "qi_2": 0.0007032369490093556,
  "rpve_csf": 7.152718070085861,
  "rpve_gm": 7.067759721782521,
  "rpve_wm": 7.150916914288493,
  "size_x": 176,
  "size_y": 256,
  "size_z": 256,
  "snr_csf": 2.5004801312975564,
  "snr_gm": 8.039385615455943,
  "snr_total": 8.12569483156414,
  "snr_wm": 13.837218747938918,
  "snrd_csf": 53.51149166190769,
  "snrd_gm": 79.23061130410646,
  "snrd_total": 77.90753202973502,
  "snrd_wm": 100.98049312319093,
  "spacing_x": 1.0,
  "spacing_y": 0.9999999403953552,
  "spacing_z": 1.0,
  "summary_bg_k": 2.740713567219225,
  "summary_bg_mad": 6.263234338348417,
  "summary_bg_mean": 4.42660424537882,
  "summary_bg_median": 4.224487364292145,
  "summary_bg_n": 3647484.0,
  "summary_bg_p05": 0.0,
  "summary_bg_p95": 13.312047392129898,
  "summary_bg_stdv": 4.866621443873725,
  "summary_csf_k": -0.16437709123351585,
  "summary_csf_mad": 138.7015092719135,
  "summary_csf_mean": 508.882031442361,
  "summary_csf_median": 511.5805076211691,
  "summary_csf_n": 407258.3331586132,
  "summary_csf_p05": 148.98686251044273,
  "summary_csf_p95": 814.6137930899858,
  "summary_csf_stdv": 204.59265928127502,
  "summary_gm_k": 0.04926487700674986,
  "summary_gm_mad": 62.8872424553937,
  "summary_gm_mean": 762.2869806607342,
  "summary_gm_median": 757.4604088068008,
  "summary_gm_n": 619765.9067391334,
  "summary_gm_p05": 609.2594974339008,
  "summary_gm_p95": 942.8220724016428,
  "summary_gm_stdv": 94.2186174356932,
  "summary_wm_k": -0.12176761249381096,
  "summary_wm_mad": 50.83415776938599,
  "summary_wm_mean": 949.8443309234043,
  "summary_wm_median": 965.3936066329479,
  "summary_wm_n": 563436.7607928835,
  "summary_wm_p05": 806.9753304719925,
  "summary_wm_p95": 1038.2660136669874,
  "summary_wm_stdv": 69.76783178161607,
  "tpm_overlap_csf": 0.21303431217713847,
  "tpm_overlap_gm": 0.5298072053255151,
  "tpm_overlap_wm": 0.5490609690928031,
  "wm2max": 0.8578537288024619
}