{
  "bids_meta": {
    "dataset": "ds001722",
    "modality": "T1w",
    "subject_id": "04"
  },
  "cjv": 0.6025420207011289,
  "cnr": 1.7124437292906263,
  "efc": 0.5986342805303155,
  "fber": 3002.872247240733,
  "fwhm_avg": 4.1563667551982455,
  "fwhm_x": 4.16674,
  "fwhm_y": 4.455940265594736,
  "fwhm_z": 3.84642,
  "icvs_csf": 0.2709765484695774,
  "icvs_gm": 0.3779039290127444,
  "icvs_wm": 0.3511195225176782,
  "inu_med": 0.5035303831100464,
  "inu_range": 0.2416147142648697,
  "provenance": {
    "md5sum": "736e6264309422684d84cdf8e7860813",
    "settings": {
      "testing": false
    },
    "software": "mriqc",
    "version": "23.1.0",
    "warnings": {
      "large_rot_frame": true,
      "small_air_mask": false
    }
  },
  "qi_1": 0.0,
  "qi_2": 0.00041637842029003614,
  "rpve_csf": 7.014046095209975,
  "rpve_gm": 6.931392627252397,
  "rpve_wm": 7.035876436152244,
  "size_x": 176,
  "size_y": 256,
  "size_z": 256,
  "snr_csf": 2.3546683576892726,
  "snr_gm": 5.569603678846115,
  "snr_total": 6.8714316911487865,
  "snr_wm": 12.690023036910972,
  "snrd_csf": 47.92831069867702,
  "snrd_gm": 77.38272657653657,
  "snrd_total": 76.84146452847227,
  "snrd_wm": 105.21335631020324,
  "spacing_x": 1.0,
  "spacing_y": 0.9999999403953552,
  "spacing_z": 1.0,
  "summary_bg_k": 1108.9309440418322,
  "summary_bg_mad": 5.995857629819358,
  "summary_bg_mean": 7.9957181578455,
  "summary_bg_median": 4.04414451494813,
  "summary_bg_n": 3404916.0,
  "summary_bg_p05": 0.0,
  "summary_bg_p95": 29.259141942486167,
  "summary_bg_stdv": 14.030295672843675,
  "summary_csf_k": -0.6625353153607061,
  "summary_csf_mad": 141.91400378048348,
  "summary_csf_mean": 446.09485325984184,
  "summary_csf_median": 438.6435059737414,
  "summary_csf_n": 438559.0144921452,
  "summary_csf_p05": 162.25302692502737,
  "summary_csf_p95": 749.6284742467105,
  "summary_csf_stdv": 186.28653349195434,
  "summary_gm_k": -0.6390119037159465,
  "summary_gm_mad": 90.44353918715466,
  "summary_gm_mean": 711.4089137531251,
  "summary_gm_median": 708.2125364430249,
  "summary_gm_n": 611614.4574745208,
  "summary_gm_p05": 503.20364431478083,
  "summary_gm_p95": 944.5757297202945,
  "summary_gm_stdv": 127.15661621721787,
  "summary_wm_k": -0.5242099862771137,
  "summary_wm_mad": 63.028744361655306,
  "summary_wm_mean": 948.4367019473156,
  "summary_wm_median": 962.9205539356917,
  "summary_wm_n": 568265.5293751135,
  "summary_wm_p05": 799.9366575200111,
  "summary_wm_p95": 1048.8951683528721,
  "summary_wm_stdv": 75.88005978312654,
  "tpm_overlap_csf": 0.2158066231167766,
  "tpm_overlap_gm": 0.5234183289727237,
  "tpm_overlap_wm": 0.548363825107378,
  "wm2max": 0.8071597778140827
}