{
  "bids_meta": {
    "dataset": "ds001722",
    "modality": "T1w",
    "subject_id": "14"
  },
  "cjv": 0.5753728719406296,
  "cnr": 1.6882077372211461,
  "efc": 0.5359322993911902,
  "fber": 18199.2947845805,
  "fwhm_avg": 5.034526666666667,
  "fwhm_x": 5.13236,
  "fwhm_y": 5.3371,
  "fwhm_z": 4.63412,
  "icvs_csf": 0.2585242944225382,
  "icvs_gm": 0.387511253706455,
  "icvs_wm": 0.3539644518710068,
  "inu_med": 0.48775577545166016,
  "inu_range": 0.3426948010921477,
  "provenance": {
    "md5sum": "01a3852abe7bd442fbbece475fa099df",
    "settings": {
      "testing": false
    },
    "software": "mriqc",
    "version": "23.1.0",
    "warnings": {
      "large_rot_frame": true,
      "small_air_mask": false
    }
  },
  "qi_1": 0.0,
  "qi_2": 0.0006483716516988479,
  "rpve_csf": 7.339038998474239,
  "rpve_gm": 7.250836472944155,
  "rpve_wm": 7.327657222770067,
  "size_x": 176,
  "size_y": 256,
  "size_z": 256,
  "snr_csf": 2.1773926784135536,
  "snr_gm": 7.716323325977862,
  "snr_total": 8.260634242444253,
  "snr_wm": 14.888186722941343,
  "snrd_csf": 73.06086690074501,
  "snrd_gm": 114.88454170241302,
  "snrd_total": 110.96042261952876,
  "snrd_wm": 144.93585925542826,
  "spacing_x": 1.0,
  "spacing_y": 1.0,
  "spacing_z": 1.0,
  "summary_bg_k": 3075.7787808016037,
  "summary_bg_mad": 0.0,
  "summary_bg_mean": 2.337258150598943,
  "summary_bg_median": 0.0,
  "summary_bg_n": 3407071.0,
  "summary_bg_p05": 0.0,
  "summary_bg_p95": 10.54532115161419,
  "summary_bg_stdv": 4.365708052797787,
  "summary_csf_k": -0.40855865545447356,
  "summary_csf_mad": 158.24613633536904,
  "summary_csf_mean": 478.15581188470065,
  "summary_csf_median": 486.86413237452507,
  "summary_csf_n": 401251.16271404293,
  "summary_csf_p05": 91.0351669639349,
  "summary_csf_p95": 817.3539739251137,
  "summary_csf_stdv": 223.59932157315617,
  "summary_gm_k": 0.7607120864568673,
  "summary_gm_mad": 66.7667567132067,
  "summary_gm_mean": 770.6663859174816,
  "summary_gm_median": 765.5693819671869,
  "summary_gm_n": 601449.6295669455,
  "summary_gm_p05": 608.7502512931824,
  "summary_gm_p95": 958.2897052466869,
  "summary_gm_stdv": 99.21418701478304,
  "summary_wm_k": 1.2527913915078353,
  "summary_wm_mad": 48.45536265821916,
  "summary_wm_mean": 952.6618659565522,
  "summary_wm_median": 965.8258156478405,
  "summary_wm_n": 549382.2087008402,
  "summary_wm_p05": 821.9332076758146,
  "summary_wm_p95": 1036.110511958599,
  "summary_wm_stdv": 64.87189841247546,
  "tpm_overlap_csf": 0.19278958284844552,
  "tpm_overlap_gm": 0.5274729823662935,
  "tpm_overlap_wm": 0.5378019106578833,
  "wm2max": 0.8521690947290652
}