{
  "bids_meta": {
    "dataset": "ds001722",
    "modality": "T1w",
    "subject_id": "08"
  },
  "cjv": 0.5539733629271542,
  "cnr": 1.7115515153634182,
  "efc": 0.5872240675763213,
  "fber": 33649.1465569273,
  "fwhm_avg": 3.9306564995602966,
  "fwhm_x": 3.89371,
  "fwhm_y": 4.20536949868089,
  "fwhm_z": 3.69289,
  "icvs_csf": 0.2562600929476159,
  "icvs_gm": 0.38541777975713193,
  "icvs_wm": 0.3583221272952522,
  "inu_med": 0.3333951234817505,
  "inu_range": 0.10459270477294919,
  "provenance": {
    "md5sum": "b6b71339fb354fce2590c4572cc19540",
    "settings": {
      "testing": false
    },
    "software": "mriqc",
    "version": "23.1.0",
    "warnings": {
      "large_rot_frame": true,
      "small_air_mask": false
    }
  },
  "qi_1": 0.0,
  "qi_2": 0.0026739515086969656,
  "rpve_csf": 7.0852462403200525,
  "rpve_gm": 6.994439323898924,
  "rpve_wm": 7.0626212251797496,
  "size_x": 176,
  "size_y": 256,
  "size_z": 256,
  "snr_csf": 2.378076946755496,
  "snr_gm": 8.538281763627314,
  "snr_total": 8.888481391995237,
  "snr_wm": 15.749085465602903,
  "snrd_csf": 36.1363658435332,
  "snrd_gm": 57.251397322630375,
  "snrd_total": 54.84058579429611,
  "snrd_wm": 71.13399421672474,
  "spacing_x": 1.0,
  "spacing_y": 1.0000001192092896,
  "spacing_z": 1.0,
  "summary_bg_k": 4852.585485453233,
  "summary_bg_mad": 0.0,
  "summary_bg_mean": 2.096537614624647,
  "summary_bg_median": 0.0,
  "summary_bg_n": 3399503.0,
  "summary_bg_p05": 0.0,
  "summary_bg_p95": 7.817461498081684,
  "summary_bg_stdv": 8.894270929410073,
  "summary_csf_k": -0.5261083559875592,
  "summary_csf_mad": 160.86658386970294,
  "summary_csf_mean": 489.00897027537326,
  "summary_csf_median": 490.5949787199497,
  "summary_csf_n": 412488.5463090604,
  "summary_csf_p05": 135.56835892051458,
  "summary_csf_p95": 808.6145678982139,
  "summary_csf_stdv": 206.29878470157757,
  "summary_gm_k": -0.286910672201385,
  "summary_gm_mad": 59.184618041265075,
  "summary_gm_mean": 784.233444923134,
  "summary_gm_median": 777.2571313008666,
  "summary_gm_n": 620386.958675549,
  "summary_gm_p05": 636.9150844067335,
  "summary_gm_p95": 959.7959521636367,
  "summary_gm_stdv": 91.03195776255535,
  "summary_wm_k": -0.1742672608810465,
  "summary_wm_mad": 45.224450318969964,
  "summary_wm_mean": 953.3067640198077,
  "summary_wm_median": 965.7302156537771,
  "summary_wm_n": 576772.4958587382,
  "summary_wm_p05": 828.9574859142303,
  "summary_wm_p95": 1032.4085637256503,
  "summary_wm_stdv": 61.31971158439239,
  "tpm_overlap_csf": 0.20867548719611062,
  "tpm_overlap_gm": 0.5238343883499851,
  "tpm_overlap_wm": 0.5527134389897344,
  "wm2max": 0.8261638148603582
}