{
  "bids_meta": {
    "dataset": "ds001722",
    "modality": "T1w",
    "subject_id": "07"
  },
  "cjv": 0.5499770930597951,
  "cnr": 1.7676667672591344,
  "efc": 0.5426656300773565,
  "fber": 31407.136894463667,
  "fwhm_avg": 3.80400348280689,
  "fwhm_x": 3.88876,
  "fwhm_y": 3.9636702362531566,
  "fwhm_z": 3.559580212167514,
  "icvs_csf": 0.25824673663661374,
  "icvs_gm": 0.38898874340106143,
  "icvs_wm": 0.35276451996232483,
  "inu_med": 0.3842127323150635,
  "inu_range": 0.12857269495725632,
  "provenance": {
    "md5sum": "ff641e4abbd6f1eb192f539676489883",
    "settings": {
      "testing": false
    },
    "software": "mriqc",
    "version": "23.1.0",
    "warnings": {
      "large_rot_frame": true,
      "small_air_mask": false
    }
  },
  "qi_1": 0.0,
  "qi_2": 0.0026858872416979248,
  "rpve_csf": 7.853092028709731,
  "rpve_gm": 7.761852772743005,
  "rpve_wm": 7.832859706299958,
  "size_x": 176,
  "size_y": 256,
  "size_z": 256,
  "snr_csf": 2.3246200481486006,
  "snr_gm": 8.48288388189565,
  "snr_total": 8.049030743382714,
  "snr_wm": 13.33958830010389,
  "snrd_csf": 111.16929898094304,
  "snrd_gm": 178.48859940973654,
  "snrd_total": 171.97845478179798,
  "snrd_wm": 226.27746595471436,
  "spacing_x": 1.0,
  "spacing_y": 0.9999999403953552,
  "spacing_z": 0.9999999403953552,
  "summary_bg_k": 5.774445576724588,
  "summary_bg_mad": 0.0,
  "summary_bg_mean": 1.6489804874890237,
  "summary_bg_median": 0.0,
  "summary_bg_n": 3678911.0,
  "summary_bg_p05": 0.0,
  "summary_bg_p95": 7.674428820610046,
  "summary_bg_stdv": 2.804559522434929,
  "summary_csf_k": -0.3910664181133714,
  "summary_csf_mad": 161.6994134883535,
  "summary_csf_mean": 478.10296508848006,
  "summary_csf_median": 475.9022946357727,
  "summary_csf_n": 375338.3896616637,
  "summary_csf_p05": 126.49651390314102,
  "summary_csf_p95": 796.5837846398354,
  "summary_csf_stdv": 204.72234206620232,
  "summary_gm_k": -0.3601071092370747,
  "summary_gm_mad": 61.1818046210457,
  "summary_gm_mean": 768.7665873159195,
  "summary_gm_median": 764.0880603194237,
  "summary_gm_n": 565360.1297975455,
  "summary_gm_p05": 622.0014924407005,
  "summary_gm_p95": 940.7753387093544,
  "summary_gm_stdv": 90.07401199920419,
  "summary_wm_k": -0.25184684465828155,
  "summary_wm_mad": 51.3315990949156,
  "summary_wm_mean": 950.3483909441497,
  "summary_wm_median": 968.6664057374,
  "summary_wm_n": 512711.48118607636,
  "summary_wm_p05": 801.2761496901512,
  "summary_wm_p95": 1039.6439088582993,
  "summary_wm_stdv": 72.61584385470172,
  "tpm_overlap_csf": 0.21008445151677949,
  "tpm_overlap_gm": 0.5401641103094215,
  "tpm_overlap_wm": 0.5689523457785527,
  "wm2max": 0.803615131164996
}