{
  "bids_meta": {
    "dataset": "ds001722",
    "modality": "T1w",
    "subject_id": "02"
  },
  "cjv": 0.533894387102866,
  "cnr": 2.0575624314371552,
  "efc": 0.5496694611179341,
  "fber": 3145.9144576785857,
  "fwhm_avg": 4.1960999999999995,
  "fwhm_x": 4.3111,
  "fwhm_y": 4.35559,
  "fwhm_z": 3.92161,
  "icvs_csf": 0.2613494907483336,
  "icvs_gm": 0.3876661030356546,
  "icvs_wm": 0.35098440621601185,
  "inu_med": 0.5287265777587891,
  "inu_range": 0.2796127051115036,
  "provenance": {
    "md5sum": "86d4e06cfb15c28aea756ee06dcea570",
    "settings": {
      "testing": false
    },
    "software": "mriqc",
    "version": "23.1.0",
    "warnings": {
      "large_rot_frame": true,
      "small_air_mask": false
    }
  },
  "qi_1": 0.0,
  "qi_2": 0.00031997442647258175,
  "rpve_csf": 7.799865794489744,
  "rpve_gm": 7.742428508034686,
  "rpve_wm": 7.841337333835523,
  "size_x": 176,
  "size_y": 256,
  "size_z": 256,
  "snr_csf": 2.232961460803173,
  "snr_gm": 6.530296591904813,
  "snr_total": 7.818725191492203,
  "snr_wm": 14.692917521768626,
  "snrd_csf": 50.904394897567066,
  "snrd_gm": 79.17233976324931,
  "snrd_total": 79.51295774472584,
  "snrd_wm": 108.46213857336114,
  "spacing_x": 1.0,
  "spacing_y": 1.0,
  "spacing_z": 1.0,
  "summary_bg_k": 84.08086937713108,
  "summary_bg_mad": 5.873939087976888,
  "summary_bg_mean": 6.943992645702582,
  "summary_bg_median": 3.9619117081165314,
  "summary_bg_n": 3427453.0,
  "summary_bg_p05": 0.0,
  "summary_bg_p95": 26.76541489176452,
  "summary_bg_stdv": 9.658322598677138,
  "summary_csf_k": -0.6517622093998274,
  "summary_csf_mad": 147.015350468967,
  "summary_csf_mean": 457.8915556137395,
  "summary_csf_median": 456.4077266026288,
  "summary_csf_n": 381119.690317853,
  "summary_csf_p05": 118.81232951954007,
  "summary_csf_p95": 772.7078482545912,
  "summary_csf_stdv": 204.39543442272532,
  "summary_gm_k": -0.6756035591595331,
  "summary_gm_mad": 84.63812231312153,
  "summary_gm_mean": 715.8293741948339,
  "summary_gm_median": 709.8575216121972,
  "summary_gm_n": 565324.1745856344,
  "summary_gm_p05": 543.4572298713028,
  "summary_gm_p95": 912.8379640672356,
  "summary_gm_stdv": 108.70209090650054,
  "summary_wm_k": -0.40714705136792295,
  "summary_wm_mad": 55.56879875841772,
  "summary_wm_mean": 962.4766572331738,
  "summary_wm_median": 972.469237446785,
  "summary_wm_n": 511832.13642552274,
  "summary_wm_p05": 834.1850123163313,
  "summary_wm_p95": 1054.003579530865,
  "summary_wm_stdv": 66.1861938595304,
  "tpm_overlap_csf": 0.2146488801289589,
  "tpm_overlap_gm": 0.5227470881655607,
  "tpm_overlap_wm": 0.5377034749359684,
  "wm2max": 0.8356896347354168
}